{"results_sub/total_cnt":1559,"stats/g_no_ans":27,"results/hit@1":78.56265356265357,"results_sub/no_ans_cnt":27,"_step":20,"results_sub/micro_recall":0.3280355528773727,"results/macro_precision":74.64408032514899,"results_sub/macro_f1":69.70236008655198,"results_sub/totally_wrong":14.945477870429762,"stats/b_in_graph":79,"stats/total_b_samples":69,"results/micro_f1":0.43374567046016826,"results/macro_f1":67.95441578546932,"stats/g_w":1380,"_wandb":{"runtime":6426},"results_sub/macro_precision":76.67825279196659,"results/no_ans_cnt":42,"results/hit":82.92383292383292,"stats/total_ans":5828,"results/hal_score":79.95774700260192,"results/total_cnt":1628,"results/macro_recall":69.56159504222376,"results_sub/micro_f1":0.4570738874895046,"stats/g_c":4354,"stats/b_out_graph_c":7,"results_sub/macro_recall":71.31698620310776,"stats/g_c_in_graph":4256,"stats/total_samples":1628,"stats/total_g_samples":1559,"stats/total_g_ans":5734,"results/exact_match":47.6044226044226,"results/micro_recall":0.3057338169642857,"stats/b_out_graph_w":8,"stats/g_c_out_graph":98,"results_sub/exact_match":48.685054522129576,"results/totally_wrong":17.137592137592137,"results/micro_precision":0.7461695607763024,"stats/g_w_in_graph":1128,"_timestamp":1.752307055508055e+09,"stats/total_b_ans":94,"results_sub/hal_score":60,"results/no_ans_ratio":0.025798525798525797,"results_sub/micro_precision":0.7534602076124568,"_runtime":6425.976572322,"results_sub/hit":85.11866581141757,"results_sub/hit@1":80.75689544579859,"results_sub/no_ans_ratio":0.01731879409878127,"stats/g_w_out_graph":252,"stats/b_no_ans":15}