{"stats/b_out_graph_c":15,"stats/total_g_samples":1559,"results_sub/hal_score":60,"results_sub/micro_precision":0.7496146600445281,"stats/g_c_out_graph":89,"stats/total_ans":5926,"_wandb":{"runtime":4914},"_step":20,"results/total_cnt":1628,"results/no_ans_cnt":37,"results_sub/total_cnt":1559,"stats/b_in_graph":56,"results_sub/exact_match":50.096215522771004,"results_sub/hit":86.20910840282232,"results/totally_wrong":15.786240786240786,"stats/g_no_ans":27,"results_sub/macro_f1":70.53744263015227,"results_sub/macro_precision":77.99915211406578,"results/micro_precision":0.7437152016197064,"results/macro_precision":76.39476544584063,"stats/total_g_ans":5838,"stats/total_b_samples":69,"stats/g_c":4376,"stats/total_samples":1628,"results_sub/no_ans_ratio":0.01731879409878127,"results/macro_f1":69.16653019388542,"results/no_ans_ratio":0.022727272727272728,"results_sub/totally_wrong":13.983322642719692,"_timestamp":1.75231620627155e+09,"stats/g_c_in_graph":4287,"results/hal_score":80.63386760200049,"results/micro_recall":0.30747767857142855,"results_sub/micro_f1":0.45796494899293755,"results_sub/no_ans_cnt":27,"results/macro_recall":70.83002942436981,"results/exact_match":49.385749385749385,"results_sub/hit@1":81.20590121872995,"results_sub/micro_recall":0.3296926785176258,"results_sub/macro_recall":72.22233562296816,"stats/b_no_ans":10,"stats/g_w_out_graph":231,"_runtime":4914.462880335,"stats/total_b_ans":88,"results/hit@1":79.54545454545455,"stats/b_out_graph_w":17,"stats/g_w":1462,"results/micro_f1":0.4350787148990771,"stats/g_w_in_graph":1231,"results/hit":84.52088452088452}