{"results/total_cnt":1628,"results_sub/micro_f1":0.38717518374905957,"results_sub/no_ans_cnt":64,"stats/total_g_samples":1559,"results_sub/macro_recall":66.82473709257522,"stats/b_out_graph_w":10,"stats/total_b_samples":69,"results/hit@1":78.93120393120392,"results/micro_recall":0.23549107142857142,"results_sub/macro_f1":67.70030121189667,"results_sub/exact_match":49.96792815907633,"results/no_ans_ratio":0.05343980343980344,"stats/total_g_ans":4000,"_wandb":{"runtime":5897},"results/macro_recall":65.56906129852055,"results/macro_precision":77.41299360617546,"results/macro_f1":66.42038614064246,"stats/g_c_in_graph":2937,"stats/b_out_graph_c":20,"results_sub/micro_recall":0.2519584212112082,"results/micro_f1":0.367076220506687,"results_sub/totally_wrong":16.228351507376523,"stats/total_ans":4054,"stats/b_in_graph":24,"results_sub/macro_precision":79.07527491395359,"results_sub/hit":84.09236690186016,"results_sub/total_cnt":1559,"stats/g_w":657,"stats/total_samples":1628,"stats/b_no_ans":23,"results/exact_match":49.26289926289926,"_runtime":5897.35073224,"results_sub/micro_precision":0.8356232825380965,"stats/g_c_out_graph":406,"results/hit":82.24815724815724,"results/micro_precision":0.8319369147363234,"results/no_ans_cnt":87,"results/totally_wrong":18.05896805896806,"_step":20,"results_sub/hal_score":60,"stats/total_b_ans":54,"_timestamp":1.7522954829068651e+09,"stats/g_no_ans":64,"stats/g_w_in_graph":487,"results_sub/no_ans_ratio":0.04105195638229634,"stats/g_c":3343,"stats/g_w_out_graph":170,"results/hal_score":82.90991986446532,"results_sub/hit@1":80.62860808210391}