{"stats/b_in_graph":39,"results/hal_score":81.54250106968934,"stats/total_ans":4716,"results_sub/totally_wrong":15.586914688903143,"results/totally_wrong":17.75184275184275,"results_sub/micro_precision":0.7942184154175589,"results_sub/total_cnt":1559,"stats/total_samples":1628,"results_sub/hit":84.66966003848621,"results_sub/micro_f1":0.4133511646049259,"stats/total_g_ans":4640,"_timestamp":1.7522847910063312e+09,"stats/b_no_ans":11,"stats/b_out_graph_w":21,"stats/g_c_out_graph":345,"stats/g_no_ans":49,"results/macro_recall":67.00255501219779,"stats/g_w":931,"results/micro_recall":0.26060267857142855,"results/total_cnt":1628,"results_sub/no_ans_ratio":0.03143040410519564,"results_sub/exact_match":49.775497113534314,"results/macro_precision":76.62739947388482,"results/hit":82.55528255528256,"stats/g_w_out_graph":207,"stats/g_c":3709,"results_sub/macro_precision":78.57562946984253,"stats/total_b_ans":76,"results_sub/no_ans_cnt":49,"results/no_ans_ratio":0.036855036855036855,"results_sub/micro_recall":0.2793763181681229,"results/micro_f1":0.3915732103553087,"_wandb":{"runtime":6288},"results_sub/macro_f1":68.63210468579881,"results/macro_f1":67.01434641711622,"stats/total_g_samples":1559,"results_sub/macro_recall":68.6263584946705,"stats/b_out_graph_c":16,"_step":20,"stats/g_c_in_graph":3364,"_runtime":6287.8823319,"results/exact_match":48.83292383292383,"results/hit@1":79.23832923832924,"results/micro_precision":0.787189211967973,"results_sub/hal_score":60,"stats/g_w_in_graph":724,"results_sub/hit@1":81.33418858242463,"stats/total_b_samples":69,"results/no_ans_cnt":60}