{"results_sub/micro_recall":0.29971376920759263,"stats/b_in_graph":47,"results/hit":84.7051597051597,"results_sub/total_cnt":1559,"stats/total_ans":5187,"stats/g_c_out_graph":257,"stats/g_c":3979,"results/hit@1":80.95823095823096,"results_sub/macro_recall":70.48012473114045,"stats/b_no_ans":19,"results_sub/macro_f1":69.92717765329917,"stats/b_out_graph_w":6,"stats/total_b_ans":68,"results/micro_f1":0.41061566782573117,"_wandb":{"runtime":6218},"stats/g_no_ans":40,"_timestamp":1.7522591632704732e+09,"results/hal_score":82.40212112961679,"_step":20,"results/macro_recall":69.15946541397003,"stats/total_samples":1628,"stats/g_w":1140,"stats/total_g_samples":1559,"results_sub/macro_precision":79.262069595106,"_runtime":6218.343428835,"stats/b_out_graph_c":15,"stats/total_b_samples":69,"stats/g_c_in_graph":3722,"results/no_ans_ratio":0.03624078624078624,"results/totally_wrong":15.601965601965603,"results/micro_precision":0.7691570881226054,"results_sub/exact_match":50.54522129570237,"results_sub/hit@1":82.68120590121873,"results/total_cnt":1628,"results/macro_f1":68.56727921839922,"results_sub/no_ans_cnt":40,"results/macro_precision":77.62230962542925,"results_sub/micro_f1":0.4325940421830832,"results/exact_match":49.75429975429975,"results_sub/hit":86.40153944836433,"stats/g_w_out_graph":221,"stats/g_w_in_graph":919,"results_sub/totally_wrong":13.855035279025016,"results_sub/hal_score":60,"results/micro_recall":0.28006417410714285,"results/no_ans_cnt":59,"results_sub/micro_precision":0.7771484375,"results_sub/no_ans_ratio":0.025657472738935216,"stats/total_g_ans":5119}