{"results_sub/hal_score":60,"stats/total_samples":1628,"results_sub/total_cnt":1559,"results/macro_f1":70.1250930714403,"stats/total_g_samples":1559,"results/hal_score":81.30211811696266,"results_sub/macro_recall":72.48284857459988,"stats/total_ans":5980,"results_sub/no_ans_ratio":0.021808851828094934,"results/macro_recall":71.39540129530315,"_wandb":{"runtime":6642},"results_sub/macro_f1":71.21542142174164,"stats/total_b_ans":88,"results/no_ans_ratio":0.02886977886977887,"results_sub/micro_precision":0.7647657841140529,"results/macro_precision":77.17689007044572,"stats/g_c":4506,"stats/b_no_ans":13,"stats/g_w_out_graph":201,"results_sub/micro_recall":0.339409460680928,"_runtime":6642.213788327,"stats/b_out_graph_w":9,"stats/g_w_in_graph":1185,"results/exact_match":50.73710073710074,"stats/g_no_ans":34,"results/total_cnt":1628,"stats/g_c_in_graph":4390,"_step":20,"_timestamp":1.7523404808624437e+09,"results_sub/totally_wrong":13.534316869788327,"results_sub/no_ans_cnt":34,"stats/b_in_graph":60,"stats/total_g_ans":5892,"results/micro_f1":0.4472116946399567,"stats/g_w":1386,"results_sub/exact_match":51.25080179602309,"results/hit@1":81.32678132678133,"results_sub/hit":86.78640153944836,"results/micro_precision":0.759571977930112,"results_sub/hit@1":82.68120590121873,"results_sub/macro_precision":78.46524077486784,"results_sub/micro_f1":0.47015859766277124,"stats/g_c_out_graph":116,"stats/b_out_graph_c":19,"results/totally_wrong":14.987714987714988,"stats/total_b_samples":69,"results/no_ans_cnt":47,"results/micro_recall":0.31689453125,"results/hit":85.38083538083538}