{"results/macro_recall":71.62555821805532,"_step":20,"results/total_cnt":1628,"stats/total_samples":1628,"stats/g_w_out_graph":212,"results_sub/macro_recall":73.13859874641487,"stats/b_out_graph_w":16,"results/micro_f1":0.44046385393535653,"results/no_ans_ratio":0.028255528255528257,"results_sub/no_ans_ratio":0.01924310455420141,"stats/b_out_graph_c":14,"results/hit@1":81.32678132678133,"results/micro_precision":0.7527407657277787,"results_sub/hal_score":60,"results/macro_f1":70.1560983868279,"_runtime":6536.804225304,"results/hit":85.8108108108108,"results_sub/micro_f1":0.4633967789165446,"results_sub/macro_f1":71.64728726603495,"results_sub/hit":87.74855676715843,"results/hal_score":82.09113165165597,"stats/g_no_ans":30,"stats/total_b_ans":81,"results_sub/macro_precision":79.40734326441,"stats/g_c":4429,"stats/total_ans":5923,"stats/g_c_in_graph":4337,"stats/g_c_out_graph":92,"results_sub/exact_match":50.160359204618345,"_timestamp":1.7523289167312844e+09,"results/no_ans_cnt":46,"results_sub/totally_wrong":12.379730596536241,"results/micro_recall":0.31131417410714285,"stats/total_g_ans":5842,"stats/b_no_ans":16,"results_sub/micro_precision":0.7576949384404925,"results/totally_wrong":14.312039312039312,"stats/total_b_samples":69,"_wandb":{"runtime":6537},"stats/g_w":1413,"results/macro_precision":77.63592521158064,"results_sub/hit@1":83.13021167415009,"results/exact_match":49.32432432432432,"stats/b_in_graph":51,"stats/total_g_samples":1559,"results_sub/no_ans_cnt":30,"results_sub/micro_recall":0.3337601687255197,"results_sub/total_cnt":1559,"stats/g_w_in_graph":1201}