{"stats/g_c":2611,"results/micro_f1":0.43835832675611686,"stats/b_out_graph_w":114,"_step":20,"stats/g_w_out_graph":98,"results/macro_precision":49.509984398222166,"_runtime":2157.59446168,"results/hal_score":62.888666624235626,"stats/g_w_in_graph":2319,"results/exact_match":37.015009912206175,"stats/total_b_samples":683,"_timestamp":1.7514452664285007e+09,"results/no_ans_cnt":409,"results_sub/total_cnt":2848,"stats/total_g_samples":2848,"stats/total_ans":6080,"stats/b_out_graph_c":119,"stats/total_b_ans":1052,"results_sub/no_ans_cnt":210,"results/micro_recall":0.4248776009791922,"results_sub/hal_score":60,"results_sub/exact_match":43.223314606741575,"results/totally_wrong":43.89691305579156,"results_sub/totally_wrong":35.1123595505618,"results_sub/macro_f1":54.7559359284595,"results/hit@1":51.68507504956103,"results/hit":56.98102520532427,"results_sub/no_ans_ratio":0.07373595505617977,"results_sub/micro_precision":0.515282981660422,"stats/b_in_graph":819,"_wandb":{"runtime":2160},"results/macro_recall":50.264465327169276,"stats/g_no_ans":210,"stats/total_g_ans":5028,"results_sub/macro_recall":58.58639928562948,"stats/g_c_out_graph":21,"results_sub/micro_recall":0.5198965380023876,"results/micro_precision":0.45272253015976527,"results_sub/micro_f1":0.517579479053184,"results/no_ans_ratio":0.11583120928915322,"results/total_cnt":3531,"results/macro_f1":47.1648365373923,"stats/g_w":2417,"results_sub/macro_precision":57.16496711330544,"stats/g_c_in_graph":2590,"stats/b_no_ans":199,"results_sub/hit":65.8005617977528,"stats/total_samples":3531,"results_sub/hit@1":59.69101123595506}