{"stats/b_no_ans":13,"results/no_ans_ratio":0.022113022113022112,"stats/total_g_samples":1559,"results/micro_f1":0.4373307067224822,"results_sub/macro_precision":78.82809605011752,"stats/g_w":1465,"stats/g_c_out_graph":89,"results/hit":85.8108108108108,"results/no_ans_cnt":36,"results_sub/total_cnt":1559,"stats/total_ans":5967,"results_sub/macro_recall":72.80072312531776,"results_sub/totally_wrong":12.636305323925592,"results_sub/micro_f1":0.4603414965275964,"results_sub/exact_match":50.03207184092366,"results_sub/micro_precision":0.7502978723404256,"stats/g_c":4410,"results_sub/macro_f1":71.05032943305022,"results/micro_recall":0.30970982142857145,"results_sub/no_ans_cnt":23,"_wandb":{"runtime":6482},"results_sub/hal_score":60,"_timestamp":1.7522527930546324e+09,"_step":20,"stats/b_in_graph":61,"stats/total_b_samples":69,"results/macro_f1":69.60795411573159,"_runtime":6481.527571846,"results/total_cnt":1628,"results_sub/hit":87.68441308531109,"stats/g_w_in_graph":1233,"stats/g_w_out_graph":232,"results/hit@1":81.32678132678133,"stats/total_g_ans":5875,"stats/g_c_in_graph":4321,"stats/total_b_ans":92,"results/macro_precision":77.13534095544627,"stats/b_out_graph_w":16,"results_sub/micro_recall":0.3320277191925279,"results/micro_precision":0.7438431898140392,"stats/g_no_ans":23,"results_sub/hit@1":83.13021167415009,"results/hal_score":81.3358967998758,"stats/total_samples":1628,"stats/b_out_graph_c":15,"results/totally_wrong":14.557739557739557,"results/exact_match":49.2014742014742,"results/macro_recall":71.3224778986714,"results_sub/no_ans_ratio":0.014753046824887749}